SET IDENTITY_INSERT [dbo].[calendar_event_status] ON 
INSERT [dbo].[calendar_event_status] ([Id], [status]) VALUES (1, N'ASSIGNED')
INSERT [dbo].[calendar_event_status] ([Id], [status]) VALUES (2, N'INPROGRESS')
INSERT [dbo].[calendar_event_status] ([Id], [status]) VALUES (3, N'REVIEW')
INSERT [dbo].[calendar_event_status] ([Id], [status]) VALUES (4, N'COMPLETED')
SET IDENTITY_INSERT [dbo].[calendar_event_status] OFF
------------------------------------------------------------------------------------------
SET IDENTITY_INSERT [dbo].[calendar_event_type] ON 
INSERT [dbo].[calendar_event_type] ([Id], [type_name]) VALUES (1, N'Task')
INSERT [dbo].[calendar_event_type] ([Id], [type_name]) VALUES (2, N'Birthday')
INSERT [dbo].[calendar_event_type] ([Id], [type_name]) VALUES (3, N'Leave')
INSERT [dbo].[calendar_event_type] ([Id], [type_name]) VALUES (4, N'Other')
SET IDENTITY_INSERT [dbo].[calendar_event_type] OFF
---------------------------------------------------------------------------------------------
SET IDENTITY_INSERT [dbo].[EmpDesignation] ON
INSERT [dbo].[EmpDesignation] ([ID], [Designation]) VALUES (1, N'HR')
INSERT [dbo].[EmpDesignation] ([ID], [Designation]) VALUES (2, N'SOFTWARE ENGINEER')
SET IDENTITY_INSERT [dbo].[EmpDesignation] OFF
---------------------------------------------------------------------------------------------
SET IDENTITY_INSERT [dbo].[LeaveType] ON
INSERT [dbo].[LeaveType] ([Id], [Type], [Count]) VALUES (1, N'Casual    ', 30)
INSERT [dbo].[LeaveType] ([Id], [Type], [Count]) VALUES (2, N'Festive   ', 9)
INSERT [dbo].[LeaveType] ([Id], [Type], [Count]) VALUES (5, N'Sick      ', 14)
SET IDENTITY_INSERT [dbo].[LeaveType] OFF
---------------------------------------------------------------------------------------------
SET IDENTITY_INSERT [dbo].[UserPrivilages] ON
INSERT [dbo].[UserPrivilages] ([Id], [Privilage]) VALUES (1, N'ADMIN     ')
INSERT [dbo].[UserPrivilages] ([Id], [Privilage]) VALUES (2, N'USER      ')
SET IDENTITY_INSERT [dbo].[UserPrivilages] OFF
---------------------------------------------------------------------------------------------
SET IDENTITY_INSERT [dbo].[UserInfo] ON
INSERT [dbo].[UserInfo] ([ID], [UserName], [Password], [UserType]) VALUES (7, N'admin', N'MIhjGZU1/xBQdJMwd8IUbbApNR3+dBEYa0DeZx3soMYEpaCI', 1)
INSERT [dbo].[UserInfo] ([ID], [UserName], [Password], [UserType]) VALUES (8, N'test', N'sbvwVSzI/VlCpMDBbx1o4noEMPd22jyjELw1Dv2uWcYrlFAY', 2)
INSERT [dbo].[UserInfo] ([ID], [UserName], [Password], [UserType]) VALUES (9, N'nithin', N'0o4gsgOwDgYt9TNzO1E9pApqgnxhU3oASN8mQx0C6aZmqrHa', 2)
INSERT [dbo].[UserInfo] ([ID], [UserName], [Password], [UserType]) VALUES (11, N'rahul', N'QdxsKjURM+wFfVqBjRfIPuRSOCgoMpBfU3WdUPW/XqPxCfPN', 2)
INSERT [dbo].[UserInfo] ([ID], [UserName], [Password], [UserType]) VALUES (19, N'faizal', N'CbGiDiIUKbteYGvr/e8vN/MDPJ42gD0KnFsddec1y0ogxWb5', 2)
INSERT [dbo].[UserInfo] ([ID], [UserName], [Password], [UserType]) VALUES (20, N'jiffy', N'6syAqzUuC71cFee/CIYgI/HJL2u8a2vtoRxoGtObFX2eptAW', 2)
INSERT [dbo].[UserInfo] ([ID], [UserName], [Password], [UserType]) VALUES (1019, N'mohith', N'vOQ45G/d4UiBd2BpBW1Lur3q3A83lSN/cDqPc9jES7EepAQW', 2)
INSERT [dbo].[UserInfo] ([ID], [UserName], [Password], [UserType]) VALUES (1024, N'anusree', N'uoX2AbV7FnasjoLto4GO1dYLgilya0fRJ/zEBc1NTpqB+l5s', 2)
INSERT [dbo].[UserInfo] ([ID], [UserName], [Password], [UserType]) VALUES (1025, N'annie.manu', N'rPzlI+QM4t45cucOIr34MHd9Yh4w9afbI1qldPOjQlrBqeys', 2)
INSERT [dbo].[UserInfo] ([ID], [UserName], [Password], [UserType]) VALUES (1026, N'anil', N'rmx1SdTPXjmVmgdV0scPMQc1sjhzZRVgo38RTE1aFWMHftoR', 2)
INSERT [dbo].[UserInfo] ([ID], [UserName], [Password], [UserType]) VALUES (1031, N'bibin', N'lktCBbvhIbQtN7E2Gl6wkpmx9y9nJqbj9BpD19vH9o2SCrnK', 2)
INSERT [dbo].[UserInfo] ([ID], [UserName], [Password], [UserType]) VALUES (1041, N'Sachin', N'+fMJ1avUp7VrWtyN92ABMOMmRw60m7bP1Y2aXiNtHm+JpkVp', 2)
INSERT [dbo].[UserInfo] ([ID], [UserName], [Password], [UserType]) VALUES (1042, N'Sehwag ', N'TDuJ0dpyBBZXasBQJxs04e60JUFEXYZCjyFnGWzCLtZMntPZ', 2)
INSERT [dbo].[UserInfo] ([ID], [UserName], [Password], [UserType]) VALUES (1044, N'tom.cruise', N'RMEK8zZjtt5eJZ8Ke4TB0RJJ64bsjGmVjoNT9ODpUpRXN1m9', 2)
INSERT [dbo].[UserInfo] ([ID], [UserName], [Password], [UserType]) VALUES (1045, N'gangully.h', N'fIRG4s2796xBc9j3JjvVFsIoDMYdataeRbQbEvUnHwJLe0ll', 2)
INSERT [dbo].[UserInfo] ([ID], [UserName], [Password], [UserType]) VALUES (2045, N'sad', N'1GWNVuRAmSrnowWNa8EaZnl8XRYUgT8Rep3Ykf0LifBex1gx', 2)
INSERT [dbo].[UserInfo] ([ID], [UserName], [Password], [UserType]) VALUES (2046, N'qwerty', N'+OdxCQRuC9kcKBPe4LLUhsnGVEKWstBEgOQOtOPptBdevVlX', 2)
INSERT [dbo].[UserInfo] ([ID], [UserName], [Password], [UserType]) VALUES (2048, N'qwerty.123', N'Y+0iAZ3uT06md1tEAScpWYJt+rSa0RpZtw6kWDE6fmpTY9Sd', 2)
INSERT [dbo].[UserInfo] ([ID], [UserName], [Password], [UserType]) VALUES (2049, N'hari.123', N'a44EZej6wEmLcsNOMLCtyYH0rIzXJNYQOtRwAbPM+Z8+uhF7', 2)
INSERT [dbo].[UserInfo] ([ID], [UserName], [Password], [UserType]) VALUES (2051, N'andrew', N'VQjgCQGocIfL9/6BJGrtCufcEW8XVDmCmdO3jifLNf/n1Fv+', 2)
INSERT [dbo].[UserInfo] ([ID], [UserName], [Password], [UserType]) VALUES (2052, N't@d.in', N'ryyW+hrtPJrgCByPAwnBa9CpGhlD9XY7SvJk+Xw1+B9VOv5g', 2)
INSERT [dbo].[UserInfo] ([ID], [UserName], [Password], [UserType]) VALUES (2053, N'q', N'PCBREkPw/6Ku26w9n3FJgvL9BV8zIxhShtnP2zF5l1hf/ts8', 2)
INSERT [dbo].[UserInfo] ([ID], [UserName], [Password], [UserType]) VALUES (2054, N'a', N'y9x+fkLFyJ3C56CUQMlc9wj9NIoaqprzOEmlU08zv+mTWXSg', 2)
INSERT [dbo].[UserInfo] ([ID], [UserName], [Password], [UserType]) VALUES (2057, N'SA', N'cQ4G0+UzdTJIE+uG6oTkKJH+Vlb48NN60jWYa6pcDKKWgOJQ', 2)
INSERT [dbo].[UserInfo] ([ID], [UserName], [Password], [UserType]) VALUES (2058, N'aWSQE', N'tf3xS5Z+YxeKBypaO4I6M6g2gMT1PEE0kgptj6dRiMw0zgM5', 2)
INSERT [dbo].[UserInfo] ([ID], [UserName], [Password], [UserType]) VALUES (2060, N'adminASA', N'210y8ayV/DD/G2oujSPNaxbHRcx74SeOK3X3WRR344iZmOhN', 2)
INSERT [dbo].[UserInfo] ([ID], [UserName], [Password], [UserType]) VALUES (2062, N'nithin.123', N'x0NwXKnQ6PnugjQu/1TtU5P/gvSXdwGlXVVSDkGCaTl8sLbp', 2)
INSERT [dbo].[UserInfo] ([ID], [UserName], [Password], [UserType]) VALUES (2063, N'raghav', N'O94sTJZyAaplXbJsNsd6s53S16sZto2CfIr02KcKNLqd1MYh', 2)
INSERT [dbo].[UserInfo] ([ID], [UserName], [Password], [UserType]) VALUES (2064, N'admin@123', N'u7HsShzYUa+gHW2C/Je0eIJ7lB3ZL+Dy8mazO0D5Phf5A61N', 2)
INSERT [dbo].[UserInfo] ([ID], [UserName], [Password], [UserType]) VALUES (2065, N'arya', N'0NrLYiITSNYlZjNLlsifM3sKaoZMBaNqMW0VaF5STnhjfuqh', 2)
INSERT [dbo].[UserInfo] ([ID], [UserName], [Password], [UserType]) VALUES (2066, N'danerys', N'7ATF6fs2a1zavgF/PFrQkh6CAuyYC4s/1zAn+BNOMhPPJ+lR', 2)
INSERT [dbo].[UserInfo] ([ID], [UserName], [Password], [UserType]) VALUES (2067, N'jonsnow', N'H8TfWswglChQd9+Dph5RbnpTHdx53W3slpukIpLzALfGZmNG', 2)
INSERT [dbo].[UserInfo] ([ID], [UserName], [Password], [UserType]) VALUES (2068, N'sansastark', N'BnZCe2c4JCA0AO3nZXhnuTBFuDVDaac+7vz4aCfxxjEjzRFS', 2)
INSERT [dbo].[UserInfo] ([ID], [UserName], [Password], [UserType]) VALUES (2069, N'cersei', N'7lerz8jILlTxjciDSl0fkH5e4E8ZoKOn8J2ZqUxEqjybNRiK', 2)
INSERT [dbo].[UserInfo] ([ID], [UserName], [Password], [UserType]) VALUES (2070, N'catelyn', N'9Pr3Qm1LhcXK9bzUivqmeYoLkD/AOD9KmPnl2F9pn1YEnO00', 2)
INSERT [dbo].[UserInfo] ([ID], [UserName], [Password], [UserType]) VALUES (2071, N'Robb', N'C2RPUcmmWLlz/gS+dJVidHdR4JdqecumabZY9MMYTM1SSTS+', 2)
INSERT [dbo].[UserInfo] ([ID], [UserName], [Password], [UserType]) VALUES (2072, N'branstark', N'OH1ojdw/l7p0LTYjCD0eIhVSUHbadgI73CAzHe6PJleztydX', 2)
INSERT [dbo].[UserInfo] ([ID], [UserName], [Password], [UserType]) VALUES (2073, N'Dinkiri', N'MkuHnyrQLgCqDeprAIn9tDIELAhfstT8aLlX3F9E4pC73F97', 2)
INSERT [dbo].[UserInfo] ([ID], [UserName], [Password], [UserType]) VALUES (3066, N'sijith.os', N'MCq7S8W68VXiDNNuSdHfeANela6vGvLhVWGngqBwPacidjsP', 2)
INSERT [dbo].[UserInfo] ([ID], [UserName], [Password], [UserType]) VALUES (3067, N'george', N'St8p7PcKxvpYcpdDwVy9MHeUlKYmzjCJyZv7rk2+UHQ4n24U', 2)
INSERT [dbo].[UserInfo] ([ID], [UserName], [Password], [UserType]) VALUES (3068, N'parvanp', N'HCzsE9PmQXWE7PWhH6eJEuRTo5/4sS7Ue0u2VKPUk2MwLgO6', 2)
INSERT [dbo].[UserInfo] ([ID], [UserName], [Password], [UserType]) VALUES (3070, N'csmokers', N'sMQ+un563VUEdawLQzDHQbOknQ+lne70+PdSeNi0UD9zet8/', 2)
SET IDENTITY_INSERT [dbo].[UserInfo] OFF

------------------------------------------------------------------------------------------------------------------------------------------------------
SET IDENTITY_INSERT [dbo].[EmployeeInfo] ON
INSERT [dbo].[EmployeeInfo] ([ID], [EmpId], [EmpPhone], [EmpEmail], [EmpGender], [EmpDob], [EmpPhotoPath], [EmpDesignation], [EmpFirstname], [EmpLastname]) VALUES (10, 7, N'9633078146', N'nithinvelluva@gmail.com', N'M         ', CAST(N'1992-05-28 00:00:00.000' AS DateTime), NULL, 1, N'Admin', N'User')
INSERT [dbo].[EmployeeInfo] ([ID], [EmpId], [EmpPhone], [EmpEmail], [EmpGender], [EmpDob], [EmpPhotoPath], [EmpDesignation], [EmpFirstname], [EmpLastname]) VALUES (11, 8, N'1234567890', N'nithinvelluva@gmail.com', N'M         ', CAST(N'1992-05-28 00:00:00.000' AS DateTime), N'HRMS_c7749e1a-45e5-4468-828c-53a8d3917e46.png', 2, N'Test', N'User')
INSERT [dbo].[EmployeeInfo] ([ID], [EmpId], [EmpPhone], [EmpEmail], [EmpGender], [EmpDob], [EmpPhotoPath], [EmpDesignation], [EmpFirstname], [EmpLastname]) VALUES (12, 9, N'9633078146', N'nithinvelluva@gmail.com', N'M         ', CAST(N'1992-05-28 00:00:00.000' AS DateTime), N'HRMS_d60a6c8f-9f90-4953-9671-4c67c074f670.jpg', 2, N'Nithin', N'N')
INSERT [dbo].[EmployeeInfo] ([ID], [EmpId], [EmpPhone], [EmpEmail], [EmpGender], [EmpDob], [EmpPhotoPath], [EmpDesignation], [EmpFirstname], [EmpLastname]) VALUES (18, 11, N'1234567890', N'ex@ex.com', N'M         ', CAST(N'1990-05-29 00:00:00.000' AS DateTime), N'HRMS_b8249cc8-642a-49cc-ae19-97ed499714c4.jpg', 2, N'Rahul', NULL)
INSERT [dbo].[EmployeeInfo] ([ID], [EmpId], [EmpPhone], [EmpEmail], [EmpGender], [EmpDob], [EmpPhotoPath], [EmpDesignation], [EmpFirstname], [EmpLastname]) VALUES (26, 19, N'1234567890', N'faizal.kit@gmail.com', N'M         ', CAST(N'1993-05-27 00:00:00.000' AS DateTime), N'HRMS_3cd80286-9150-4f1c-901b-1d789405abda.jpg', 2, N'Faial', N'J P')
INSERT [dbo].[EmployeeInfo] ([ID], [EmpId], [EmpPhone], [EmpEmail], [EmpGender], [EmpDob], [EmpPhotoPath], [EmpDesignation], [EmpFirstname], [EmpLastname]) VALUES (27, 20, N'1234567890', N'jiffy@grindan.com', N'F         ', CAST(N'1993-06-28 00:00:00.000' AS DateTime), N'HRMS_5099dbae-080e-4737-9453-7c1956c2006a.jpg', 2, N'Jiffy', N'Kuriakose')
INSERT [dbo].[EmployeeInfo] ([ID], [EmpId], [EmpPhone], [EmpEmail], [EmpGender], [EmpDob], [EmpPhotoPath], [EmpDesignation], [EmpFirstname], [EmpLastname]) VALUES (1026, 1019, N'1234567890', N'test@domain.com', N'M         ', CAST(N'1992-06-01 00:00:00.000' AS DateTime), N'HRMS_9868194c-513d-41b3-bf46-2ef7ecb5dc20.jpg', 2, N'Mohith', N'P')
INSERT [dbo].[EmployeeInfo] ([ID], [EmpId], [EmpPhone], [EmpEmail], [EmpGender], [EmpDob], [EmpPhotoPath], [EmpDesignation], [EmpFirstname], [EmpLastname]) VALUES (1031, 1024, N'1234567890', N'test@test.com', N'F         ', CAST(N'1991-12-07 00:00:00.000' AS DateTime), N'', 2, N'Anusree', NULL)
INSERT [dbo].[EmployeeInfo] ([ID], [EmpId], [EmpPhone], [EmpEmail], [EmpGender], [EmpDob], [EmpPhotoPath], [EmpDesignation], [EmpFirstname], [EmpLastname]) VALUES (1032, 1025, N'1234567890', N'test@test.com', N'F         ', CAST(N'1993-08-01 00:00:00.000' AS DateTime), N'', 2, N'Annie', N'Manu')
INSERT [dbo].[EmployeeInfo] ([ID], [EmpId], [EmpPhone], [EmpEmail], [EmpGender], [EmpDob], [EmpPhotoPath], [EmpDesignation], [EmpFirstname], [EmpLastname]) VALUES (1033, 1026, N'1231231232', N'abc@xyz.com', N'M         ', CAST(N'1992-02-11 00:00:00.000' AS DateTime), N'', 2, N'Anil', NULL)
INSERT [dbo].[EmployeeInfo] ([ID], [EmpId], [EmpPhone], [EmpEmail], [EmpGender], [EmpDob], [EmpPhotoPath], [EmpDesignation], [EmpFirstname], [EmpLastname]) VALUES (1038, 1031, N'8129671433', N'bibin.onankunju@gmail.com', N'M         ', CAST(N'1990-06-05 00:00:00.000' AS DateTime), N'HRMS_26cfe8e2-b9a0-4073-8838-e5c69219ea3c.jpg', 2, N'BIBIN', N'K')
INSERT [dbo].[EmployeeInfo] ([ID], [EmpId], [EmpPhone], [EmpEmail], [EmpGender], [EmpDob], [EmpPhotoPath], [EmpDesignation], [EmpFirstname], [EmpLastname]) VALUES (1048, 1041, N'1234567890', N'sachin@gmail.com', N'M         ', CAST(N'1991-03-07 00:00:00.000' AS DateTime), N'', 2, N'Sachin', NULL)
INSERT [dbo].[EmployeeInfo] ([ID], [EmpId], [EmpPhone], [EmpEmail], [EmpGender], [EmpDob], [EmpPhotoPath], [EmpDesignation], [EmpFirstname], [EmpLastname]) VALUES (1049, 1042, N'9876543210', N'sehwag@gmail.com', N'M         ', CAST(N'1990-02-07 00:00:00.000' AS DateTime), N'', 2, N'Sehwag', N'')
INSERT [dbo].[EmployeeInfo] ([ID], [EmpId], [EmpPhone], [EmpEmail], [EmpGender], [EmpDob], [EmpPhotoPath], [EmpDesignation], [EmpFirstname], [EmpLastname]) VALUES (1051, 1044, N'9879898989', N'test@test.com', N'M         ', CAST(N'1992-07-22 00:00:00.000' AS DateTime), N'', 2, N'Tom', N'Cruise')
INSERT [dbo].[EmployeeInfo] ([ID], [EmpId], [EmpPhone], [EmpEmail], [EmpGender], [EmpDob], [EmpPhotoPath], [EmpDesignation], [EmpFirstname], [EmpLastname]) VALUES (1052, 1045, N'9777837787', N'ganguly100@gmail.com', N'M         ', CAST(N'1991-02-05 00:00:00.000' AS DateTime), N'', 2, N'Gangully', NULL)
INSERT [dbo].[EmployeeInfo] ([ID], [EmpId], [EmpPhone], [EmpEmail], [EmpGender], [EmpDob], [EmpPhotoPath], [EmpDesignation], [EmpFirstname], [EmpLastname]) VALUES (2052, 2045, N'1234567890', N'ds@e.com', N'M         ', CAST(N'1992-12-12 00:00:00.000' AS DateTime), N'', 2, N'z', NULL)
INSERT [dbo].[EmployeeInfo] ([ID], [EmpId], [EmpPhone], [EmpEmail], [EmpGender], [EmpDob], [EmpPhotoPath], [EmpDesignation], [EmpFirstname], [EmpLastname]) VALUES (2053, 2046, N'1234567890', N'test@test.co', N'F         ', CAST(N'1992-12-12 00:00:00.000' AS DateTime), N'HRMS_e88c0d8c-847f-4120-b773-71eaa1c824df.jpg', 2, N'uyiy', NULL)
INSERT [dbo].[EmployeeInfo] ([ID], [EmpId], [EmpPhone], [EmpEmail], [EmpGender], [EmpDob], [EmpPhotoPath], [EmpDesignation], [EmpFirstname], [EmpLastname]) VALUES (2055, 2048, N'1234567890', N'test@test.co', N'F         ', CAST(N'1992-12-12 00:00:00.000' AS DateTime), N'HRMS_e88c0d8c-847f-4120-b773-71eaa1c824df.jpg', 2, N'Joseph', NULL)
INSERT [dbo].[EmployeeInfo] ([ID], [EmpId], [EmpPhone], [EmpEmail], [EmpGender], [EmpDob], [EmpPhotoPath], [EmpDesignation], [EmpFirstname], [EmpLastname]) VALUES (2056, 2049, N'9876543210', N'test@test.co', N'M         ', CAST(N'1992-12-12 00:00:00.000' AS DateTime), N'HRMS_6423a582-eb02-480b-9895-6da0a587b43f.jpg', 2, N'Hari', NULL)
INSERT [dbo].[EmployeeInfo] ([ID], [EmpId], [EmpPhone], [EmpEmail], [EmpGender], [EmpDob], [EmpPhotoPath], [EmpDesignation], [EmpFirstname], [EmpLastname]) VALUES (2058, 2051, N'1234567890', N'test@test.co', N'M         ', CAST(N'1992-12-12 00:00:00.000' AS DateTime), N'HRMS_2a57b2e3-9696-4f6e-a87e-f6a0136b3537.jpg', 2, N'Andrew', NULL)
INSERT [dbo].[EmployeeInfo] ([ID], [EmpId], [EmpPhone], [EmpEmail], [EmpGender], [EmpDob], [EmpPhotoPath], [EmpDesignation], [EmpFirstname], [EmpLastname]) VALUES (2059, 2052, N'1234567890', N'test@test.co', N'M         ', CAST(N'1992-12-12 00:00:00.000' AS DateTime), N'HRMS_99c2e6c8-7210-46ac-8516-a888bdcab032.png', 2, N'Tom', N'Cruise')
INSERT [dbo].[EmployeeInfo] ([ID], [EmpId], [EmpPhone], [EmpEmail], [EmpGender], [EmpDob], [EmpPhotoPath], [EmpDesignation], [EmpFirstname], [EmpLastname]) VALUES (2060, 2053, N'9876543210', N'test@test.co', N'M         ', CAST(N'1992-12-12 00:00:00.000' AS DateTime), N'', 2, N'dsf', NULL)
INSERT [dbo].[EmployeeInfo] ([ID], [EmpId], [EmpPhone], [EmpEmail], [EmpGender], [EmpDob], [EmpPhotoPath], [EmpDesignation], [EmpFirstname], [EmpLastname]) VALUES (2061, 2054, N'9876543210', N'test@test.co', N'F         ', CAST(N'1992-12-12 00:00:00.000' AS DateTime), N'', 2, N'wqd', NULL)
INSERT [dbo].[EmployeeInfo] ([ID], [EmpId], [EmpPhone], [EmpEmail], [EmpGender], [EmpDob], [EmpPhotoPath], [EmpDesignation], [EmpFirstname], [EmpLastname]) VALUES (2064, 2057, N'9876543210', N'test@test.co', N'M         ', CAST(N'1992-12-12 00:00:00.000' AS DateTime), N'', 1, N's', NULL)
INSERT [dbo].[EmployeeInfo] ([ID], [EmpId], [EmpPhone], [EmpEmail], [EmpGender], [EmpDob], [EmpPhotoPath], [EmpDesignation], [EmpFirstname], [EmpLastname]) VALUES (2065, 2058, N'1234567890', N'test@test.co', N'M         ', CAST(N'1992-12-12 00:00:00.000' AS DateTime), N'', 2, N'Andrew', NULL)
INSERT [dbo].[EmployeeInfo] ([ID], [EmpId], [EmpPhone], [EmpEmail], [EmpGender], [EmpDob], [EmpPhotoPath], [EmpDesignation], [EmpFirstname], [EmpLastname]) VALUES (2067, 2060, N'9876543210', N'test@test.co', N'M         ', CAST(N'1992-12-12 00:00:00.000' AS DateTime), N'', 2, N'QA', NULL)
INSERT [dbo].[EmployeeInfo] ([ID], [EmpId], [EmpPhone], [EmpEmail], [EmpGender], [EmpDob], [EmpPhotoPath], [EmpDesignation], [EmpFirstname], [EmpLastname]) VALUES (2069, 2062, N'9876543210', N'nithinvelluva@gmail.com', N'M         ', CAST(N'1992-12-12 00:00:00.000' AS DateTime), N'HRMS_db6a0c07-2670-44ba-bef8-a603b8476029.jpg', 2, N'Super', N'User')
INSERT [dbo].[EmployeeInfo] ([ID], [EmpId], [EmpPhone], [EmpEmail], [EmpGender], [EmpDob], [EmpPhotoPath], [EmpDesignation], [EmpFirstname], [EmpLastname]) VALUES (2070, 2063, N'9876543210', N'test@test.co', N'M         ', CAST(N'1992-12-12 00:00:00.000' AS DateTime), N'HRMS_2e961763-2baf-4207-b360-a33db338d7fa.png', 2, N'Raghav', N'Nair')
INSERT [dbo].[EmployeeInfo] ([ID], [EmpId], [EmpPhone], [EmpEmail], [EmpGender], [EmpDob], [EmpPhotoPath], [EmpDesignation], [EmpFirstname], [EmpLastname]) VALUES (2071, 2064, N'1234567890', N'test@test.co', N'M         ', CAST(N'1992-12-12 00:00:00.000' AS DateTime), N'', 2, N'dsf', NULL)
INSERT [dbo].[EmployeeInfo] ([ID], [EmpId], [EmpPhone], [EmpEmail], [EmpGender], [EmpDob], [EmpPhotoPath], [EmpDesignation], [EmpFirstname], [EmpLastname]) VALUES (2072, 2065, N'9876543210', N'araya.stark@got.com', N'F         ', CAST(N'1998-02-03 00:00:00.000' AS DateTime), N'HRMS_4b0bfb16-8822-44ac-8663-d042df00454d.jpg', 2, N'Arya', N'Stark')
INSERT [dbo].[EmployeeInfo] ([ID], [EmpId], [EmpPhone], [EmpEmail], [EmpGender], [EmpDob], [EmpPhotoPath], [EmpDesignation], [EmpFirstname], [EmpLastname]) VALUES (2073, 2066, N'9998908989', N'danerys.targaryn@got.com', N'F         ', CAST(N'1988-01-19 00:00:00.000' AS DateTime), N'HRMS_ff8f2dff-f8a8-4501-a5cf-03e44101d495.jpg', 1, N'Daenerys', N'Targaryen')
INSERT [dbo].[EmployeeInfo] ([ID], [EmpId], [EmpPhone], [EmpEmail], [EmpGender], [EmpDob], [EmpPhotoPath], [EmpDesignation], [EmpFirstname], [EmpLastname]) VALUES (2074, 2067, N'9876543210', N'jon.snow@got.com', N'M         ', CAST(N'1987-01-14 00:00:00.000' AS DateTime), N'HRMS_343dcf3e-2f6c-4489-9874-957c7a454e61.jpg', 1, N'Jon', N'Snow')
INSERT [dbo].[EmployeeInfo] ([ID], [EmpId], [EmpPhone], [EmpEmail], [EmpGender], [EmpDob], [EmpPhotoPath], [EmpDesignation], [EmpFirstname], [EmpLastname]) VALUES (2075, 2068, N'9876543210', N'sansa.stark@got.com', N'F         ', CAST(N'1988-01-27 00:00:00.000' AS DateTime), N'HRMS_ab86e6bb-81b3-403f-959c-771fb3b111e6.jpg', 2, N'Sansa', N'Stark')
INSERT [dbo].[EmployeeInfo] ([ID], [EmpId], [EmpPhone], [EmpEmail], [EmpGender], [EmpDob], [EmpPhotoPath], [EmpDesignation], [EmpFirstname], [EmpLastname]) VALUES (2076, 2069, N'9878878898', N'cersei.lannister@got.com', N'F         ', CAST(N'1982-05-28 00:00:00.000' AS DateTime), N'HRMS_3950bcc3-3753-4ecb-9c89-5a748a29de9d.jpg', 1, N'Cersei', N'Lannister')
INSERT [dbo].[EmployeeInfo] ([ID], [EmpId], [EmpPhone], [EmpEmail], [EmpGender], [EmpDob], [EmpPhotoPath], [EmpDesignation], [EmpFirstname], [EmpLastname]) VALUES (2077, 2070, N'9878878898', N'Catelyn.stark@got.com', N'F         ', CAST(N'1982-05-28 00:00:00.000' AS DateTime), N'HRMS_be906d5f-5268-456a-9ade-d4a61f91339a.jpg', 1, N'Catelyn', N'Stark')
INSERT [dbo].[EmployeeInfo] ([ID], [EmpId], [EmpPhone], [EmpEmail], [EmpGender], [EmpDob], [EmpPhotoPath], [EmpDesignation], [EmpFirstname], [EmpLastname]) VALUES (2078, 2071, N'9878878898', N'Robb.stark@got.com', N'M         ', CAST(N'1992-05-28 00:00:00.000' AS DateTime), N'HRMS_398a03db-0529-41c9-b605-e5d0644c6aeb.jpg', 2, N'Robb', N'Stark')
INSERT [dbo].[EmployeeInfo] ([ID], [EmpId], [EmpPhone], [EmpEmail], [EmpGender], [EmpDob], [EmpPhotoPath], [EmpDesignation], [EmpFirstname], [EmpLastname]) VALUES (2079, 2072, N'9876543210', N'Bran.Stark@got.com', N'M         ', CAST(N'1995-01-03 00:00:00.000' AS DateTime), N'HRMS_a7f5fa6c-66e6-4529-aa4c-4a4a9c711efe.jpeg', 2, N'Bran', N'Stark')
INSERT [dbo].[EmployeeInfo] ([ID], [EmpId], [EmpPhone], [EmpEmail], [EmpGender], [EmpDob], [EmpPhotoPath], [EmpDesignation], [EmpFirstname], [EmpLastname]) VALUES (2080, 2073, N'9876543210', N'test@test.co', N'M         ', CAST(N'1992-01-16 00:00:00.000' AS DateTime), N'HRMS_35501f5b-c56b-44e2-a65b-105627ea77f7.jpg', 1, N'Hhd', NULL)
INSERT [dbo].[EmployeeInfo] ([ID], [EmpId], [EmpPhone], [EmpEmail], [EmpGender], [EmpDob], [EmpPhotoPath], [EmpDesignation], [EmpFirstname], [EmpLastname]) VALUES (3073, 3066, N'9878878898', N'sijith.os@gmail.com', N'M         ', CAST(N'1992-05-25 00:00:00.000' AS DateTime), N'HRMS_64fd7990-f4a1-4a62-93a1-33e198519adb.jpg', 2, N'Sijith', N'O S')
INSERT [dbo].[EmployeeInfo] ([ID], [EmpId], [EmpPhone], [EmpEmail], [EmpGender], [EmpDob], [EmpPhotoPath], [EmpDesignation], [EmpFirstname], [EmpLastname]) VALUES (3074, 3067, N'8999999000', N'george@comoany.com', N'M         ', CAST(N'1992-01-16 00:00:00.000' AS DateTime), N'', 1, N'George', N'')
INSERT [dbo].[EmployeeInfo] ([ID], [EmpId], [EmpPhone], [EmpEmail], [EmpGender], [EmpDob], [EmpPhotoPath], [EmpDesignation], [EmpFirstname], [EmpLastname]) VALUES (3075, 3068, N'9876543210', N'parvanp36@gmail.com', N'M         ', CAST(N'1992-08-19 00:00:00.000' AS DateTime), N'', 2, N'Parvan', N'P')
INSERT [dbo].[EmployeeInfo] ([ID], [EmpId], [EmpPhone], [EmpEmail], [EmpGender], [EmpDob], [EmpPhotoPath], [EmpDesignation], [EmpFirstname], [EmpLastname]) VALUES (3077, 3070, N'9876543210', N'csmokers@gmail.com', N'M         ', CAST(N'1992-08-19 00:00:00.000' AS DateTime), N'', 1, N'Chain', N'Smokers')
SET IDENTITY_INSERT [dbo].[EmployeeInfo] OFF
---------------------------------------------------------------------------------------------
SET IDENTITY_INSERT [dbo].[LeaveStatistics] ON
INSERT [dbo].[LeaveStatistics] ([Id], [EmpId], [CasualLeave], [FestiveLeave], [SickLeave], [LossOfPay], [Year]) VALUES (1008, 8, 0, 0, 0.5, 0, 2016)
INSERT [dbo].[LeaveStatistics] ([Id], [EmpId], [CasualLeave], [FestiveLeave], [SickLeave], [LossOfPay], [Year]) VALUES (1009, 9, 0, 0, 5, 0, 2016)
INSERT [dbo].[LeaveStatistics] ([Id], [EmpId], [CasualLeave], [FestiveLeave], [SickLeave], [LossOfPay], [Year]) VALUES (1011, 11, 24, 9, 14, 0, 2016)
INSERT [dbo].[LeaveStatistics] ([Id], [EmpId], [CasualLeave], [FestiveLeave], [SickLeave], [LossOfPay], [Year]) VALUES (1019, 19, 24.5, 9, 14, 0, 2016)
INSERT [dbo].[LeaveStatistics] ([Id], [EmpId], [CasualLeave], [FestiveLeave], [SickLeave], [LossOfPay], [Year]) VALUES (1020, 20, 29, 9, 14, 0, 2016)
INSERT [dbo].[LeaveStatistics] ([Id], [EmpId], [CasualLeave], [FestiveLeave], [SickLeave], [LossOfPay], [Year]) VALUES (2019, 1019, 30, 9, 14, 0, 2016)
INSERT [dbo].[LeaveStatistics] ([Id], [EmpId], [CasualLeave], [FestiveLeave], [SickLeave], [LossOfPay], [Year]) VALUES (2024, 1024, 30, 9, 14, 0, 2016)
INSERT [dbo].[LeaveStatistics] ([Id], [EmpId], [CasualLeave], [FestiveLeave], [SickLeave], [LossOfPay], [Year]) VALUES (2025, 1025, 30, 9, 14, 0, 2016)
INSERT [dbo].[LeaveStatistics] ([Id], [EmpId], [CasualLeave], [FestiveLeave], [SickLeave], [LossOfPay], [Year]) VALUES (2026, 1026, 30, 9, 14, 0, 2016)
INSERT [dbo].[LeaveStatistics] ([Id], [EmpId], [CasualLeave], [FestiveLeave], [SickLeave], [LossOfPay], [Year]) VALUES (2031, 1031, 0, 0, 10, 0, 2016)
INSERT [dbo].[LeaveStatistics] ([Id], [EmpId], [CasualLeave], [FestiveLeave], [SickLeave], [LossOfPay], [Year]) VALUES (2041, 1041, 30, 9, 14, 0, 2016)
INSERT [dbo].[LeaveStatistics] ([Id], [EmpId], [CasualLeave], [FestiveLeave], [SickLeave], [LossOfPay], [Year]) VALUES (2042, 1042, 30, 9, 14, 0, 2016)
INSERT [dbo].[LeaveStatistics] ([Id], [EmpId], [CasualLeave], [FestiveLeave], [SickLeave], [LossOfPay], [Year]) VALUES (2044, 1044, 30, 9, 14, 0, 2016)
INSERT [dbo].[LeaveStatistics] ([Id], [EmpId], [CasualLeave], [FestiveLeave], [SickLeave], [LossOfPay], [Year]) VALUES (2045, 1045, 30, 9, 14, 0, 2016)
INSERT [dbo].[LeaveStatistics] ([Id], [EmpId], [CasualLeave], [FestiveLeave], [SickLeave], [LossOfPay], [Year]) VALUES (3045, 2045, 30, 9, 14, 0, 2016)
INSERT [dbo].[LeaveStatistics] ([Id], [EmpId], [CasualLeave], [FestiveLeave], [SickLeave], [LossOfPay], [Year]) VALUES (3046, 2046, 30, 9, 14, 0, 2016)
INSERT [dbo].[LeaveStatistics] ([Id], [EmpId], [CasualLeave], [FestiveLeave], [SickLeave], [LossOfPay], [Year]) VALUES (3048, 2048, 30, 9, 14, 0, 2016)
INSERT [dbo].[LeaveStatistics] ([Id], [EmpId], [CasualLeave], [FestiveLeave], [SickLeave], [LossOfPay], [Year]) VALUES (3049, 2049, 30, 9, 14, 0, 2016)
INSERT [dbo].[LeaveStatistics] ([Id], [EmpId], [CasualLeave], [FestiveLeave], [SickLeave], [LossOfPay], [Year]) VALUES (3051, 2051, 30, 9, 14, 0, 2016)
INSERT [dbo].[LeaveStatistics] ([Id], [EmpId], [CasualLeave], [FestiveLeave], [SickLeave], [LossOfPay], [Year]) VALUES (3052, 2052, 30, 9, 14, 0, 2016)
INSERT [dbo].[LeaveStatistics] ([Id], [EmpId], [CasualLeave], [FestiveLeave], [SickLeave], [LossOfPay], [Year]) VALUES (3053, 2053, 30, 9, 14, 0, 2016)
INSERT [dbo].[LeaveStatistics] ([Id], [EmpId], [CasualLeave], [FestiveLeave], [SickLeave], [LossOfPay], [Year]) VALUES (3054, 2054, 30, 9, 14, 0, 2016)
INSERT [dbo].[LeaveStatistics] ([Id], [EmpId], [CasualLeave], [FestiveLeave], [SickLeave], [LossOfPay], [Year]) VALUES (3057, 2057, 30, 9, 14, 0, 2016)
INSERT [dbo].[LeaveStatistics] ([Id], [EmpId], [CasualLeave], [FestiveLeave], [SickLeave], [LossOfPay], [Year]) VALUES (3058, 2058, 30, 9, 14, 0, 2016)
INSERT [dbo].[LeaveStatistics] ([Id], [EmpId], [CasualLeave], [FestiveLeave], [SickLeave], [LossOfPay], [Year]) VALUES (3060, 2060, 30, 9, 14, 0, 2016)
INSERT [dbo].[LeaveStatistics] ([Id], [EmpId], [CasualLeave], [FestiveLeave], [SickLeave], [LossOfPay], [Year]) VALUES (3062, 2062, 30, 9, 14, 0, 2016)
INSERT [dbo].[LeaveStatistics] ([Id], [EmpId], [CasualLeave], [FestiveLeave], [SickLeave], [LossOfPay], [Year]) VALUES (3063, 2063, 30, 9, 14, 0, 2016)
INSERT [dbo].[LeaveStatistics] ([Id], [EmpId], [CasualLeave], [FestiveLeave], [SickLeave], [LossOfPay], [Year]) VALUES (3064, 2064, 30, 9, 14, 0, 2016)
INSERT [dbo].[LeaveStatistics] ([Id], [EmpId], [CasualLeave], [FestiveLeave], [SickLeave], [LossOfPay], [Year]) VALUES (251953, 8, 30, 9, 14, 0, 2017)
INSERT [dbo].[LeaveStatistics] ([Id], [EmpId], [CasualLeave], [FestiveLeave], [SickLeave], [LossOfPay], [Year]) VALUES (251954, 9, 28.5, 8, 12, 0, 2017)
INSERT [dbo].[LeaveStatistics] ([Id], [EmpId], [CasualLeave], [FestiveLeave], [SickLeave], [LossOfPay], [Year]) VALUES (251955, 11, 30, 9, 14, 0, 2017)
INSERT [dbo].[LeaveStatistics] ([Id], [EmpId], [CasualLeave], [FestiveLeave], [SickLeave], [LossOfPay], [Year]) VALUES (251956, 19, 30, 9, 14, 0, 2017)
INSERT [dbo].[LeaveStatistics] ([Id], [EmpId], [CasualLeave], [FestiveLeave], [SickLeave], [LossOfPay], [Year]) VALUES (251957, 20, 29, 9, 13, 0, 2017)
INSERT [dbo].[LeaveStatistics] ([Id], [EmpId], [CasualLeave], [FestiveLeave], [SickLeave], [LossOfPay], [Year]) VALUES (251958, 1019, 30, 9, 14, 0, 2017)
INSERT [dbo].[LeaveStatistics] ([Id], [EmpId], [CasualLeave], [FestiveLeave], [SickLeave], [LossOfPay], [Year]) VALUES (251959, 1024, 30, 9, 14, 0, 2017)
INSERT [dbo].[LeaveStatistics] ([Id], [EmpId], [CasualLeave], [FestiveLeave], [SickLeave], [LossOfPay], [Year]) VALUES (251960, 1025, 30, 9, 14, 0, 2017)
INSERT [dbo].[LeaveStatistics] ([Id], [EmpId], [CasualLeave], [FestiveLeave], [SickLeave], [LossOfPay], [Year]) VALUES (251961, 1026, 30, 9, 14, 0, 2017)
INSERT [dbo].[LeaveStatistics] ([Id], [EmpId], [CasualLeave], [FestiveLeave], [SickLeave], [LossOfPay], [Year]) VALUES (251962, 1031, 30, 9, 14, 0, 2017)
INSERT [dbo].[LeaveStatistics] ([Id], [EmpId], [CasualLeave], [FestiveLeave], [SickLeave], [LossOfPay], [Year]) VALUES (251963, 1041, 30, 9, 14, 0, 2017)
INSERT [dbo].[LeaveStatistics] ([Id], [EmpId], [CasualLeave], [FestiveLeave], [SickLeave], [LossOfPay], [Year]) VALUES (251964, 1042, 30, 9, 14, 0, 2017)
INSERT [dbo].[LeaveStatistics] ([Id], [EmpId], [CasualLeave], [FestiveLeave], [SickLeave], [LossOfPay], [Year]) VALUES (251965, 1044, 30, 9, 14, 0, 2017)
INSERT [dbo].[LeaveStatistics] ([Id], [EmpId], [CasualLeave], [FestiveLeave], [SickLeave], [LossOfPay], [Year]) VALUES (251966, 1045, 30, 9, 14, 0, 2017)
INSERT [dbo].[LeaveStatistics] ([Id], [EmpId], [CasualLeave], [FestiveLeave], [SickLeave], [LossOfPay], [Year]) VALUES (251967, 2045, 30, 9, 14, 0, 2017)
INSERT [dbo].[LeaveStatistics] ([Id], [EmpId], [CasualLeave], [FestiveLeave], [SickLeave], [LossOfPay], [Year]) VALUES (251968, 2046, 30, 9, 14, 0, 2017)
INSERT [dbo].[LeaveStatistics] ([Id], [EmpId], [CasualLeave], [FestiveLeave], [SickLeave], [LossOfPay], [Year]) VALUES (251969, 2048, 30, 9, 14, 0, 2017)
INSERT [dbo].[LeaveStatistics] ([Id], [EmpId], [CasualLeave], [FestiveLeave], [SickLeave], [LossOfPay], [Year]) VALUES (251970, 2049, 30, 9, 14, 0, 2017)
INSERT [dbo].[LeaveStatistics] ([Id], [EmpId], [CasualLeave], [FestiveLeave], [SickLeave], [LossOfPay], [Year]) VALUES (251971, 2051, 30, 9, 14, 0, 2017)
INSERT [dbo].[LeaveStatistics] ([Id], [EmpId], [CasualLeave], [FestiveLeave], [SickLeave], [LossOfPay], [Year]) VALUES (251972, 2052, 30, 9, 14, 0, 2017)
INSERT [dbo].[LeaveStatistics] ([Id], [EmpId], [CasualLeave], [FestiveLeave], [SickLeave], [LossOfPay], [Year]) VALUES (251973, 2053, 30, 9, 14, 0, 2017)
INSERT [dbo].[LeaveStatistics] ([Id], [EmpId], [CasualLeave], [FestiveLeave], [SickLeave], [LossOfPay], [Year]) VALUES (251974, 2054, 30, 9, 14, 0, 2017)
INSERT [dbo].[LeaveStatistics] ([Id], [EmpId], [CasualLeave], [FestiveLeave], [SickLeave], [LossOfPay], [Year]) VALUES (251975, 2057, 30, 9, 14, 0, 2017)
INSERT [dbo].[LeaveStatistics] ([Id], [EmpId], [CasualLeave], [FestiveLeave], [SickLeave], [LossOfPay], [Year]) VALUES (251976, 2058, 30, 9, 14, 0, 2017)
INSERT [dbo].[LeaveStatistics] ([Id], [EmpId], [CasualLeave], [FestiveLeave], [SickLeave], [LossOfPay], [Year]) VALUES (251977, 2060, 30, 9, 14, 0, 2017)
INSERT [dbo].[LeaveStatistics] ([Id], [EmpId], [CasualLeave], [FestiveLeave], [SickLeave], [LossOfPay], [Year]) VALUES (251978, 2062, 30, 9, 14, 0, 2017)
INSERT [dbo].[LeaveStatistics] ([Id], [EmpId], [CasualLeave], [FestiveLeave], [SickLeave], [LossOfPay], [Year]) VALUES (251979, 2063, 30, 9, 14, 0, 2017)
INSERT [dbo].[LeaveStatistics] ([Id], [EmpId], [CasualLeave], [FestiveLeave], [SickLeave], [LossOfPay], [Year]) VALUES (251980, 2064, 30, 9, 14, 0, 2017)
INSERT [dbo].[LeaveStatistics] ([Id], [EmpId], [CasualLeave], [FestiveLeave], [SickLeave], [LossOfPay], [Year]) VALUES (252953, 2065, 30, 9, 14, 0, 2017)
INSERT [dbo].[LeaveStatistics] ([Id], [EmpId], [CasualLeave], [FestiveLeave], [SickLeave], [LossOfPay], [Year]) VALUES (252954, 2066, 30, 9, 14, 0, 2017)
INSERT [dbo].[LeaveStatistics] ([Id], [EmpId], [CasualLeave], [FestiveLeave], [SickLeave], [LossOfPay], [Year]) VALUES (252955, 2067, 30, 9, 14, 0, 2017)
INSERT [dbo].[LeaveStatistics] ([Id], [EmpId], [CasualLeave], [FestiveLeave], [SickLeave], [LossOfPay], [Year]) VALUES (252956, 2068, 30, 9, 14, 0, 2017)
INSERT [dbo].[LeaveStatistics] ([Id], [EmpId], [CasualLeave], [FestiveLeave], [SickLeave], [LossOfPay], [Year]) VALUES (252957, 2069, 29, 9, 14, 0, 2017)
INSERT [dbo].[LeaveStatistics] ([Id], [EmpId], [CasualLeave], [FestiveLeave], [SickLeave], [LossOfPay], [Year]) VALUES (252958, 2070, 30, 9, 14, 0, 2017)
INSERT [dbo].[LeaveStatistics] ([Id], [EmpId], [CasualLeave], [FestiveLeave], [SickLeave], [LossOfPay], [Year]) VALUES (252959, 2071, 30, 9, 14, 0, 2017)
INSERT [dbo].[LeaveStatistics] ([Id], [EmpId], [CasualLeave], [FestiveLeave], [SickLeave], [LossOfPay], [Year]) VALUES (252960, 2072, 30, 9, 14, 0, 2017)
INSERT [dbo].[LeaveStatistics] ([Id], [EmpId], [CasualLeave], [FestiveLeave], [SickLeave], [LossOfPay], [Year]) VALUES (252961, 2073, 30, 9, 14, 0, 2017)
INSERT [dbo].[LeaveStatistics] ([Id], [EmpId], [CasualLeave], [FestiveLeave], [SickLeave], [LossOfPay], [Year]) VALUES (253954, 3066, 29, 9, 14, 0, 2017)
INSERT [dbo].[LeaveStatistics] ([Id], [EmpId], [CasualLeave], [FestiveLeave], [SickLeave], [LossOfPay], [Year]) VALUES (253955, 3067, 30, 9, 14, 0, 2017)
INSERT [dbo].[LeaveStatistics] ([Id], [EmpId], [CasualLeave], [FestiveLeave], [SickLeave], [LossOfPay], [Year]) VALUES (253956, 3068, 30, 9, 14, 0, 2017)
INSERT [dbo].[LeaveStatistics] ([Id], [EmpId], [CasualLeave], [FestiveLeave], [SickLeave], [LossOfPay], [Year]) VALUES (253958, 3070, 30, 9, 14, 0, 2017)
INSERT [dbo].[LeaveStatistics] ([Id], [EmpId], [CasualLeave], [FestiveLeave], [SickLeave], [LossOfPay], [Year]) VALUES (254205, 8, 29.5, 9, 12, 0, 2018)
INSERT [dbo].[LeaveStatistics] ([Id], [EmpId], [CasualLeave], [FestiveLeave], [SickLeave], [LossOfPay], [Year]) VALUES (254206, 9, 30, 9, 14, 0, 2018)
INSERT [dbo].[LeaveStatistics] ([Id], [EmpId], [CasualLeave], [FestiveLeave], [SickLeave], [LossOfPay], [Year]) VALUES (254207, 11, 30, 9, 14, 0, 2018)
INSERT [dbo].[LeaveStatistics] ([Id], [EmpId], [CasualLeave], [FestiveLeave], [SickLeave], [LossOfPay], [Year]) VALUES (254208, 19, 30, 9, 14, 0, 2018)
INSERT [dbo].[LeaveStatistics] ([Id], [EmpId], [CasualLeave], [FestiveLeave], [SickLeave], [LossOfPay], [Year]) VALUES (254209, 20, 30, 9, 14, 0, 2018)
INSERT [dbo].[LeaveStatistics] ([Id], [EmpId], [CasualLeave], [FestiveLeave], [SickLeave], [LossOfPay], [Year]) VALUES (254210, 1019, 30, 9, 14, 0, 2018)
INSERT [dbo].[LeaveStatistics] ([Id], [EmpId], [CasualLeave], [FestiveLeave], [SickLeave], [LossOfPay], [Year]) VALUES (254211, 1024, 30, 9, 14, 0, 2018)
INSERT [dbo].[LeaveStatistics] ([Id], [EmpId], [CasualLeave], [FestiveLeave], [SickLeave], [LossOfPay], [Year]) VALUES (254212, 1025, 30, 9, 14, 0, 2018)
INSERT [dbo].[LeaveStatistics] ([Id], [EmpId], [CasualLeave], [FestiveLeave], [SickLeave], [LossOfPay], [Year]) VALUES (254213, 1026, 30, 9, 14, 0, 2018)
INSERT [dbo].[LeaveStatistics] ([Id], [EmpId], [CasualLeave], [FestiveLeave], [SickLeave], [LossOfPay], [Year]) VALUES (254214, 1031, 30, 9, 14, 0, 2018)
INSERT [dbo].[LeaveStatistics] ([Id], [EmpId], [CasualLeave], [FestiveLeave], [SickLeave], [LossOfPay], [Year]) VALUES (254215, 1041, 30, 9, 14, 0, 2018)
INSERT [dbo].[LeaveStatistics] ([Id], [EmpId], [CasualLeave], [FestiveLeave], [SickLeave], [LossOfPay], [Year]) VALUES (254216, 1042, 30, 9, 14, 0, 2018)
INSERT [dbo].[LeaveStatistics] ([Id], [EmpId], [CasualLeave], [FestiveLeave], [SickLeave], [LossOfPay], [Year]) VALUES (254217, 1044, 30, 9, 14, 0, 2018)
INSERT [dbo].[LeaveStatistics] ([Id], [EmpId], [CasualLeave], [FestiveLeave], [SickLeave], [LossOfPay], [Year]) VALUES (254218, 1045, 30, 9, 14, 0, 2018)
INSERT [dbo].[LeaveStatistics] ([Id], [EmpId], [CasualLeave], [FestiveLeave], [SickLeave], [LossOfPay], [Year]) VALUES (254219, 2045, 30, 9, 14, 0, 2018)
INSERT [dbo].[LeaveStatistics] ([Id], [EmpId], [CasualLeave], [FestiveLeave], [SickLeave], [LossOfPay], [Year]) VALUES (254220, 2046, 30, 9, 14, 0, 2018)
INSERT [dbo].[LeaveStatistics] ([Id], [EmpId], [CasualLeave], [FestiveLeave], [SickLeave], [LossOfPay], [Year]) VALUES (254221, 2048, 30, 9, 14, 0, 2018)
INSERT [dbo].[LeaveStatistics] ([Id], [EmpId], [CasualLeave], [FestiveLeave], [SickLeave], [LossOfPay], [Year]) VALUES (254222, 2049, 30, 9, 14, 0, 2018)
INSERT [dbo].[LeaveStatistics] ([Id], [EmpId], [CasualLeave], [FestiveLeave], [SickLeave], [LossOfPay], [Year]) VALUES (254223, 2051, 30, 9, 14, 0, 2018)
INSERT [dbo].[LeaveStatistics] ([Id], [EmpId], [CasualLeave], [FestiveLeave], [SickLeave], [LossOfPay], [Year]) VALUES (254224, 2052, 30, 9, 14, 0, 2018)
INSERT [dbo].[LeaveStatistics] ([Id], [EmpId], [CasualLeave], [FestiveLeave], [SickLeave], [LossOfPay], [Year]) VALUES (254225, 2053, 30, 9, 14, 0, 2018)
INSERT [dbo].[LeaveStatistics] ([Id], [EmpId], [CasualLeave], [FestiveLeave], [SickLeave], [LossOfPay], [Year]) VALUES (254226, 2054, 30, 9, 14, 0, 2018)
INSERT [dbo].[LeaveStatistics] ([Id], [EmpId], [CasualLeave], [FestiveLeave], [SickLeave], [LossOfPay], [Year]) VALUES (254227, 2057, 30, 9, 14, 0, 2018)
INSERT [dbo].[LeaveStatistics] ([Id], [EmpId], [CasualLeave], [FestiveLeave], [SickLeave], [LossOfPay], [Year]) VALUES (254228, 2058, 30, 9, 14, 0, 2018)
INSERT [dbo].[LeaveStatistics] ([Id], [EmpId], [CasualLeave], [FestiveLeave], [SickLeave], [LossOfPay], [Year]) VALUES (254229, 2060, 30, 9, 14, 0, 2018)
INSERT [dbo].[LeaveStatistics] ([Id], [EmpId], [CasualLeave], [FestiveLeave], [SickLeave], [LossOfPay], [Year]) VALUES (254230, 2062, 30, 9, 14, 0, 2018)
INSERT [dbo].[LeaveStatistics] ([Id], [EmpId], [CasualLeave], [FestiveLeave], [SickLeave], [LossOfPay], [Year]) VALUES (254231, 2063, 30, 9, 14, 0, 2018)
INSERT [dbo].[LeaveStatistics] ([Id], [EmpId], [CasualLeave], [FestiveLeave], [SickLeave], [LossOfPay], [Year]) VALUES (254232, 2064, 30, 9, 14, 0, 2018)
INSERT [dbo].[LeaveStatistics] ([Id], [EmpId], [CasualLeave], [FestiveLeave], [SickLeave], [LossOfPay], [Year]) VALUES (254233, 2065, 30, 9, 14, 0, 2018)
INSERT [dbo].[LeaveStatistics] ([Id], [EmpId], [CasualLeave], [FestiveLeave], [SickLeave], [LossOfPay], [Year]) VALUES (254234, 2066, 30, 9, 14, 0, 2018)


INSERT [dbo].[LeaveStatistics] ([Id], [EmpId], [CasualLeave], [FestiveLeave], [SickLeave], [LossOfPay], [Year]) VALUES (254235, 2067, 30, 9, 14, 0, 2018)
INSERT [dbo].[LeaveStatistics] ([Id], [EmpId], [CasualLeave], [FestiveLeave], [SickLeave], [LossOfPay], [Year]) VALUES (254236, 2068, 30, 9, 14, 0, 2018)
INSERT [dbo].[LeaveStatistics] ([Id], [EmpId], [CasualLeave], [FestiveLeave], [SickLeave], [LossOfPay], [Year]) VALUES (254237, 2069, 30, 9, 14, 0, 2018)
INSERT [dbo].[LeaveStatistics] ([Id], [EmpId], [CasualLeave], [FestiveLeave], [SickLeave], [LossOfPay], [Year]) VALUES (254238, 2070, 30, 9, 14, 0, 2018)
INSERT [dbo].[LeaveStatistics] ([Id], [EmpId], [CasualLeave], [FestiveLeave], [SickLeave], [LossOfPay], [Year]) VALUES (254239, 2071, 30, 9, 14, 0, 2018)
INSERT [dbo].[LeaveStatistics] ([Id], [EmpId], [CasualLeave], [FestiveLeave], [SickLeave], [LossOfPay], [Year]) VALUES (254240, 2072, 30, 9, 14, 0, 2018)
INSERT [dbo].[LeaveStatistics] ([Id], [EmpId], [CasualLeave], [FestiveLeave], [SickLeave], [LossOfPay], [Year]) VALUES (254241, 2073, 30, 9, 14, 0, 2018)
INSERT [dbo].[LeaveStatistics] ([Id], [EmpId], [CasualLeave], [FestiveLeave], [SickLeave], [LossOfPay], [Year]) VALUES (254242, 3066, 30, 9, 14, 0, 2018)
INSERT [dbo].[LeaveStatistics] ([Id], [EmpId], [CasualLeave], [FestiveLeave], [SickLeave], [LossOfPay], [Year]) VALUES (254243, 3067, 30, 9, 14, 0, 2018)
INSERT [dbo].[LeaveStatistics] ([Id], [EmpId], [CasualLeave], [FestiveLeave], [SickLeave], [LossOfPay], [Year]) VALUES (254244, 3068, 30, 9, 14, 0, 2018)
INSERT [dbo].[LeaveStatistics] ([Id], [EmpId], [CasualLeave], [FestiveLeave], [SickLeave], [LossOfPay], [Year]) VALUES (254245, 3070, 30, 9, 14, 0, 2018)
SET IDENTITY_INSERT [dbo].[LeaveStatistics] OFF
----------------------------------------------------------------------------------------------------------------------------------------------------------------

